contest_index,contest_id,title,contest_type,date,link,problem_count,avg_cf_rating,min_cf_rating,max_cf_rating,difficulty_level,category_summary
1,536105,Team Forming Contest 1 for ICPC '22,Team Forming,2022-12-29,https://vjudge.net/contest/536105,9,1527,1100,2080,Medium,"Implementation (8), Geometry (1)"
2,536360,Team Forming Contest 2 for ICPC '22,Team Forming,2022-12-31,https://vjudge.net/contest/536360,9,1542,900,2600,Medium,"Implementation (6), Greedy (1), Math & Number Theory (1), Dynamic Programming (1)"
3,536610,Team Forming Contest 3 for ICPC '22,Team Forming,2023-01-02,https://vjudge.net/contest/536610,9,1501,1100,2200,Medium,"Implementation (5), Games & Constructive (2), Data Structures (1), Graphs (1)"
4,536782,Team Forming Contest 4 for ICPC '22,Team Forming,2023-01-03,https://vjudge.net/contest/536782,10,1568,800,2500,Medium,"Implementation (6), Graphs (2), Greedy (1), Dynamic Programming (1)"
5,537133,Team Forming Contest 5 for ICPC '22,Team Forming,2023-01-05,https://vjudge.net/contest/537133,9,1638,1200,2080,Hard,Implementation (9)
6,537550,Beginner: Long Contest on Graph Theory,Beginner Contest,2023-01-07,https://vjudge.net/contest/537550,30,1566,1000,2688,Medium,"Graphs (17), Trees (6), Dynamic Programming (4), Implementation (2), Math & Number Theory (1)"
7,537809,Team Practice Contest 1,Team Practice,2023-01-09,https://vjudge.net/contest/537809,9,1500,1100,1900,Medium,"Implementation (7), Math & Number Theory (1), Geometry (1)"
8,538120,Beginner Long: Basic Math,Beginner Contest,2023-01-13,https://vjudge.net/contest/538120,26,1319,900,1645,Medium,"Math & Number Theory (20), Dynamic Programming (5), Data Structures (1)"
9,538468,NGPC Team Forming + Practice Contest 1,Team Forming,2023-01-13,https://vjudge.net/contest/538468,9,1184,800,1500,Easy,"Math & Number Theory (5), Implementation (3), Binary Search & Two Pointers (1)"
10,538538,Team Practice Contest 2,Team Practice,2023-01-14,https://vjudge.net/contest/538538,12,1642,1100,2100,Hard,"Implementation (9), Strings (2), Games & Constructive (1)"
11,538667,NGPC Team Forming + Practice Contest 2,Team Forming,2023-01-15,https://vjudge.net/contest/538667,13,1082,800,1786,Easy,"Implementation (6), Greedy (3), Data Structures (2), Dynamic Programming (1), Math & Number Theory (1)"
12,539004,NGPC Team Forming + Practice Contest 3,Team Forming,2023-01-17,https://vjudge.net/contest/539004,10,1140,800,1892,Easy,"Greedy (5), Dynamic Programming (5)"
13,539356,NGPC 2022 Team Forming Contest(onsite) 4,Team Forming,2023-01-19,https://vjudge.net/contest/539356,16,1400,800,2300,Medium,"Implementation (7), Math & Number Theory (3), Dynamic Programming (2), Greedy (1), Games & Constructive (1), Strings (1), Graphs (1)"
14,539424,NGPC 2022 Team Forming Contest(onsite) 5,Team Forming,2023-01-20,https://vjudge.net/contest/539424,14,1339,900,2300,Medium,"Implementation (6), Math & Number Theory (2), Trees (2), Greedy (1), Data Structures (1), Graphs (1), Dynamic Programming (1)"
15,539518,Team Practice Contest 3,Team Practice,2023-01-21,https://vjudge.net/contest/539518,11,1600,1100,2100,Hard,"Implementation (9), Data Structures (2)"
16,539746,Team Practice Contest 4,Team Practice,2023-01-23,https://vjudge.net/contest/539746,11,1600,1100,2100,Hard,"Implementation (9), Games & Constructive (1), Math & Number Theory (1)"
17,539747,NGPC 2022 Team Forming Contest (onsite) 6,Team Forming,2023-01-23,https://vjudge.net/contest/539747,14,1639,1000,2300,Hard,"Implementation (10), Strings (1), Math & Number Theory (1), Games & Constructive (1), Dynamic Programming (1)"
18,540650,NGPC Team Practice Contest,Team Practice,2023-01-30,https://vjudge.net/contest/540650,12,1642,1100,2100,Hard,"Implementation (10), Games & Constructive (1), Strings (1)"
19,541492,Team Practice Contest 5,Team Practice,2023-02-04,https://vjudge.net/contest/541492,7,1400,1100,1700,Medium,"Implementation (5), Games & Constructive (1), Math & Number Theory (1)"
20,541707,NGPC Team Practice Contest 2,Team Practice,2023-02-06,https://vjudge.net/contest/541707,6,1350,1100,1600,Medium,"Implementation (4), Games & Constructive (2)"
21,541708,Team Practice Contest 6,Team Practice,2023-02-06,https://vjudge.net/contest/541708,12,1642,1100,2100,Hard,"Implementation (7), Trees (1), Graphs (1), Geometry (1), Games & Constructive (1), Math & Number Theory (1)"
22,544863,Team Practice Contest 7,Team Practice,2023-02-25,https://vjudge.net/contest/544863,13,1677,1100,2100,Hard,"Implementation (12), Trees (1)"
23,549890,Weekly Practice Contest - Intermediate,Weekly Contest,2023-03-27,https://vjudge.net/contest/549890,8,1334,800,1800,Medium,"Implementation (6), Math & Number Theory (1), Dynamic Programming (1)"
24,551287,Weekly Practice Contest 1 - Beginner,Beginner Contest,2023-04-02,https://vjudge.net/contest/551287,8,1132,900,1400,Easy,"Implementation (6), Math & Number Theory (2)"
25,551482,Weekly Practice Contest 2 - Intermediate,Weekly Contest,2023-04-03,https://vjudge.net/contest/551482,8,1310,900,1630,Medium,"Implementation (3), Strings (2), Math & Number Theory (2), Dynamic Programming (1)"
26,552516,Weekly Practice Contest 2 - Beginner,Beginner Contest,2023-04-09,https://vjudge.net/contest/552516,9,1100,800,1400,Easy,"Implementation (3), Dynamic Programming (2), Math & Number Theory (2), Binary Search & Two Pointers (1), Data Structures (1)"
27,552515,Weekly Practice Contest 3 - Intermediate,Weekly Contest,2023-04-10,https://vjudge.net/contest/552515,10,1568,1090,1900,Medium,"Implementation (6), Math & Number Theory (3), Graphs (1)"
28,555784,Weekly Practice Contest 3 - Beginner,Beginner Contest,2023-05-01,https://vjudge.net/contest/555784,10,1142,800,1594,Easy,"Implementation (5), Math & Number Theory (2), Dynamic Programming (2), Greedy (1)"
29,556293,Weekly Practice Contest 4 - Intermediate,Weekly Contest,2023-05-04,https://vjudge.net/contest/556293,9,1593,811,2433,Medium,"Trees (2), Dynamic Programming (2), Implementation (2), Graphs (1), Greedy (1), Math & Number Theory (1)"
30,557251,Weekly Practice Contest - 1,Weekly Contest,2023-05-08,https://vjudge.net/contest/557251,12,1304,800,1904,Medium,"Math & Number Theory (5), Implementation (2), Graphs (1), Data Structures (1), Greedy (1), Games & Constructive (1), Dynamic Programming (1)"
31,567313,Team Forming Contest 1 for BUET IUPC 2023 and ICPC 2023,Team Forming,2023-07-06,https://vjudge.net/contest/567313,8,1564,1364,1963,Medium,"Implementation (7), Dynamic Programming (1)"
32,567716,Team Forming Contest 2 for BUET IUPC 2023 and ICPC 2023,Team Forming,2023-07-08,https://vjudge.net/contest/567716,8,1666,800,2198,Hard,"Implementation (6), Greedy (1), Dynamic Programming (1)"
33,567935,Team Forming Contest 3 for BUET IUPC 2023 and ICPC 2023,Team Forming,2023-07-09,https://vjudge.net/contest/567935,8,1412,1200,1640,Medium,Implementation (8)
34,568162,Team Forming Contest 4 for BUET IUPC 2023 and ICPC 2023,Team Forming,2023-07-10,https://vjudge.net/contest/568162,8,1629,1000,2900,Hard,"Implementation (4), Math & Number Theory (2), Data Structures (1), Dynamic Programming (1)"
35,571016,Team Practice Contest 1 [BUET IUPC 2023],Team Practice,2023-07-24,https://vjudge.net/contest/571016,13,1677,1100,2100,Hard,"Implementation (11), Math & Number Theory (2)"
36,571229,Team Practice Contest 2 [BUET IUPC 2023],Team Practice,2023-07-25,https://vjudge.net/contest/571229,12,1642,1100,2100,Hard,"Implementation (8), Math & Number Theory (1), Games & Constructive (1), Data Structures (1), Geometry (1)"
37,572698,Number Theory Problems,Topic Contest,2023-08-01,https://vjudge.net/contest/572698,26,1912,1270,2800,Hard,"Math & Number Theory (22), Dynamic Programming (4)"
38,572929,Online Weekly Practice Contest 1: STL,Weekly Contest,2023-08-02,https://vjudge.net/contest/572929,39,1569,845,2000,Medium,"Geometry (30), Greedy (2), Data Structures (2), Dynamic Programming (2), Implementation (1), Trees (1), Strings (1)"
39,574358,"Online Weekly Practice Contest 2: Hashing , Trie , Lps",Weekly Contest,2023-08-09,https://vjudge.net/contest/574358,23,1767,1090,2700,Hard,"Geometry (16), Strings (4), Data Structures (2), Dynamic Programming (1)"
40,575326,Online Weekly Practice Contest 3: Introduction to Segment Tree,Weekly Contest,2023-08-14,https://vjudge.net/contest/575326,17,1601,1000,2100,Hard,"Data Structures (8), Geometry (7), Math & Number Theory (1), Trees (1)"
41,573796,Team Forming Contest 1 [ICPC DHAKA 2023],Team Forming,2023-08-07,https://vjudge.net/contest/573796,8,1753,1200,2900,Hard,"Implementation (5), Dynamic Programming (2), Math & Number Theory (1)"
42,575430,Team Forming Contest 2 [ICPC DHAKA 2023],Team Forming,2023-08-14,https://vjudge.net/contest/575430,8,1362,1000,1640,Medium,"Implementation (6), Strings (1), Math & Number Theory (1)"
43,576703,Team Forming Contest 3 [ICPC DHAKA 2023],Team Forming,2023-08-21,https://vjudge.net/contest/576703,8,1670,1200,3100,Hard,"Implementation (5), Math & Number Theory (1), Greedy (1), Geometry (1)"
44,578171,Team Forming Contest 4 [ICPC DHAKA 2023],Team Forming,2023-08-28,https://vjudge.net/contest/578171,8,1369,864,1825,Medium,"Implementation (6), Trees (1), Dynamic Programming (1)"
45,579490,Team Forming Contest 5 [ICPC DHAKA 2023](Updated),Team Forming,2023-09-04,https://vjudge.net/contest/579490,8,1652,800,3164,Hard,"Implementation (6), Dynamic Programming (1), Strings (1)"
46,579545,Team Practice Contest for CoU IUPC - 1,Team Practice,2023-09-05,https://vjudge.net/contest/579545,12,1642,1100,2100,Hard,"Implementation (10), Trees (1), Strings (1)"
47,579729,Team Practice Contest for CoU IUPC - 2,Team Practice,2023-09-06,https://vjudge.net/contest/579729,12,1642,1100,2100,Hard,"Implementation (9), Strings (2), Games & Constructive (1)"
48,579627,Hello World,Special / Practice,2023-09-05,https://vjudge.net/contest/579627,10,800,800,800,Easy,"Implementation (9), Math & Number Theory (1)"
49,582150,Team Practice Contest 1 [ICPC Dhaka 2023],Team Practice,2023-09-18,https://vjudge.net/contest/582150,14,1707,1100,2100,Hard,"Implementation (11), Trees (2), Games & Constructive (1)"
50,582857,Team Practice Contest 2 [ICPC Dhaka 2023],Team Practice,2023-09-21,https://vjudge.net/contest/582857,13,1677,1100,2100,Hard,"Implementation (10), Graphs (2), Trees (1)"
51,583729,Team Practice Contest 3 [ICPC Dhaka 2023],Team Practice,2023-09-25,https://vjudge.net/contest/583729,13,1677,1100,2100,Hard,"Implementation (12), Graphs (1)"
52,584370,Weekly Individual Contest 1 [Batch-29],Weekly Contest,2023-09-28,https://vjudge.net/contest/584370,11,917,800,1598,Easy,"Implementation (9), Math & Number Theory (2)"
53,584371,Weekly Individual Contest 1 [Batch-28],Weekly Contest,2023-09-28,https://vjudge.net/contest/584371,10,1448,800,2206,Medium,"Implementation (3), Math & Number Theory (2), Greedy (2), Data Structures (2), Dynamic Programming (1)"
54,584373,Weekly Individual Contest 1 [Batch-27],Weekly Contest,2023-09-28,https://vjudge.net/contest/584373,8,1402,800,2115,Medium,"Implementation (3), Math & Number Theory (3), Dynamic Programming (2)"
55,584726,Team Practice Contest 4 [ICPC Dhaka 2023],Team Practice,2023-09-30,https://vjudge.net/contest/584726,14,1707,1100,2100,Hard,"Implementation (13), Games & Constructive (1)"
56,585188,Team Practice Contest 5 [ICPC Dhaka 2023],Team Practice,2023-10-02,https://vjudge.net/contest/585188,12,1642,1100,2100,Hard,"Implementation (8), Games & Constructive (2), Strings (1), Trees (1)"
57,585741,Weekly Individual Contest 2 [Batch-29],Weekly Contest,2023-10-05,https://vjudge.net/contest/585741,12,903,800,1304,Easy,"Implementation (8), Math & Number Theory (3), Greedy (1)"
58,585742,Weekly Individual Contest 2 [Batch-28],Weekly Contest,2023-10-05,https://vjudge.net/contest/585742,12,1282,800,1928,Medium,"Implementation (3), Math & Number Theory (3), Dynamic Programming (3), Greedy (1), Data Structures (1), Advanced Algorithms (1)"
59,585743,Weekly Individual Contest 2 [Batch-27],Weekly Contest,2023-10-05,https://vjudge.net/contest/585743,11,1524,800,2247,Medium,"Dynamic Programming (3), Math & Number Theory (2), Implementation (2), Advanced Algorithms (2), Greedy (1), Data Structures (1)"
60,585744,Weekly Individual Contest 2 [Seniors],Weekly Contest,2023-10-05,https://vjudge.net/contest/585744,4,1135,1000,1270,Easy,"Implementation (3), Trees (1)"
61,586074,Team Practice Contest 6 [ICPC Dhaka 2023],Team Practice,2023-10-07,https://vjudge.net/contest/586074,13,1677,1100,2100,Hard,"Implementation (9), Trees (1), Geometry (1), Math & Number Theory (1), Strings (1)"
62,586656,Team Practice Contest 7 [ICPC Dhaka 2023],Team Practice,2023-10-09,https://vjudge.net/contest/586656,13,1677,1100,2100,Hard,Implementation (13)
63,588540,Weekly Individual Contest 3 [Batch-29],Weekly Contest,2023-10-19,https://vjudge.net/contest/588540,12,1212,800,1720,Medium,"Implementation (8), Greedy (2), Math & Number Theory (1), Data Structures (1)"
64,588560,Weekly Individual Contest 3 [Batch-28],Weekly Contest,2023-10-19,https://vjudge.net/contest/588560,8,1300,800,1900,Medium,"Implementation (3), Greedy (2), Math & Number Theory (1), Data Structures (1), Dynamic Programming (1)"
65,588561,Weekly Individual Contest 3 [Batch-27],Weekly Contest,2023-10-19,https://vjudge.net/contest/588561,8,1561,996,2100,Medium,"Data Structures (3), Greedy (2), Implementation (2), Dynamic Programming (1)"
66,603509,Team Forming Contest 1 [2024],Team Forming,2024-01-12,https://vjudge.net/contest/603509,10,1695,1200,2190,Hard,Implementation (10)
67,603864,Team Forming Contest 2 [2024],Team Forming,2024-01-14,https://vjudge.net/contest/603864,11,1750,1200,2300,Hard,Implementation (11)
68,604005,Team Forming Contest 3 [2024],Team Forming,2024-01-15,https://vjudge.net/contest/604005,11,1722,1200,2300,Hard,"Implementation (9), Graphs (1), Strings (1)"
69,605016,Team Practice Contest 1 [CUET & SUST 2024],Team Practice,2024-01-20,https://vjudge.net/contest/605016,11,1600,1100,2100,Hard,"Implementation (10), Math & Number Theory (1)"
70,606885,Team Practice Contest 2 [SUST 2024],Team Practice,2024-01-29,https://vjudge.net/contest/606885,13,1677,1100,2100,Hard,"Implementation (10), Trees (1), Math & Number Theory (1), Strings (1)"
71,608047,Team Practice Contest - 3 (SUST 2024),Team Practice,2024-02-03,https://vjudge.net/contest/608047,13,1677,1100,2100,Hard,"Implementation (10), Graphs (1), Strings (1), Games & Constructive (1)"
72,608330,Team Practice Contest - 4 (SUST 2024),Team Practice,2024-02-05,https://vjudge.net/contest/608330,13,1677,1100,2100,Hard,Implementation (13)
73,627065,Team Forming Contest 2024 Topic - DP,Team Forming,2024-05-06,https://vjudge.net/contest/627065,8,1516,1200,1970,Medium,"Dynamic Programming (7), Implementation (1)"
74,608928,Long Contest on Geometry,Topic Contest,2024-02-08,https://vjudge.net/contest/608928,25,1710,1100,2000,Hard,Geometry (25)
75,611216,Long Contest :: DP on Tree,Topic Contest,2024-02-21,https://vjudge.net/contest/611216,25,1819,1000,2500,Hard,"Trees (13), Dynamic Programming (9), Implementation (1), Advanced Algorithms (1), Math & Number Theory (1)"
76,618259,Beginner: Long Contest On Basic Data Structures [2024],Beginner Contest,2024-03-23,https://vjudge.net/contest/618259,33,1288,800,1800,Medium,"Data Structures (29), Math & Number Theory (2), Strings (1), Dynamic Programming (1)"
77,625721,Beginner: Long Contest on Number Theory and Mathematics [2024],Beginner Contest,2024-04-29,https://vjudge.net/contest/625721,30,1340,800,2200,Medium,"Math & Number Theory (29), Dynamic Programming (1)"
78,639623,Beginner: Long Contest on Searching (Linear search and Binary search) [2024],Beginner Contest,2024-07-09,https://vjudge.net/contest/639623,15,1420,1060,2000,Medium,"Geometry (10), Binary Search & Two Pointers (4), Dynamic Programming (1)"
79,639927,Practice Contest on Graph Problems [Batch 28],Topic Contest,2024-07-10,https://vjudge.net/contest/639927,26,1625,1000,2500,Hard,"Graphs (17), Trees (7), Dynamic Programming (2)"
80,651860,Long Contest :: Centroid Decomposition,Topic Contest,2024-08-27,https://vjudge.net/contest/651860,26,1972,1360,2700,Hard,"Trees (25), Dynamic Programming (1)"
81,653334,Beginner: Long Contest on Suffix and Prefix Operations [2024],Beginner Contest,2024-09-04,https://vjudge.net/contest/653334,38,1407,900,1900,Medium,"Strings (12), Data Structures (9), Dynamic Programming (8), Math & Number Theory (6), Games & Constructive (1), Binary Search & Two Pointers (1), Implementation (1)"
82,655724,Team Practice Contest - 1 2024,Team Practice,2024-09-17,https://vjudge.net/contest/655724,10,1550,1100,2000,Medium,Implementation (10)
83,681479,Team Forming 2025 Onsite -1,Team Forming,2024-12-23,https://vjudge.net/contest/681479,10,1549,1000,2600,Medium,"Implementation (5), Graphs (1), Trees (1), Dynamic Programming (1), Data Structures (1), Strings (1)"
84,682800,Team Forming 2025 Onsite -2,Team Forming,2024-12-30,https://vjudge.net/contest/682800,11,1464,800,2100,Medium,"Dynamic Programming (4), Math & Number Theory (3), Implementation (1), Graphs (1), Trees (1), Data Structures (1)"
85,802104,Team Forming 2026 Onsite - 1,Team Forming,2026-04-04,https://vjudge.net/contest/802104,10,1640,800,2400,Hard,"Math & Number Theory (3), Trees (2), Dynamic Programming (2), Implementation (1), Games & Constructive (1), Data Structures (1)"
86,802757,Team Forming 2026 Onsite - 2,Team Forming,2026-04-06,https://vjudge.net/contest/802757,10,1597,800,2300,Medium,"Dynamic Programming (4), Implementation (1), Advanced Algorithms (1), Games & Constructive (1), Graphs (1), Math & Number Theory (1), Trees (1)"
87,804183,Team Forming 2026 Onsite - 3,Team Forming,2026-04-11,https://vjudge.net/contest/804183,11,1750,1200,2300,Hard,"Implementation (10), Strings (1)"
88,804587,Team Forming 2026 Onsite - 4,Team Forming,2026-04-13,https://vjudge.net/contest/804587,11,1750,1200,2300,Hard,Implementation (11)
89,805225,Team Forming 2026 Onsite - 5,Team Forming,2026-04-15,https://vjudge.net/contest/805225,9,1640,1200,2080,Hard,Implementation (9)
90,806580,Team Forming 2026 Onsite - 6,Team Forming,2026-04-20,https://vjudge.net/contest/806580,8,1585,1200,1970,Medium,Implementation (8)
91,807851,Team Forming 2026 Onsite - 7,Team Forming,2026-04-25,https://vjudge.net/contest/807851,8,1585,1200,1970,Medium,"Implementation (7), Binary Search & Two Pointers (1)"
92,808448,Team Forming 2026 Onsite - 8,Team Forming,2026-04-27,https://vjudge.net/contest/808448,8,1585,1200,1970,Medium,"Implementation (5), Trees (2), Geometry (1)"
93,811576,Team Forming 2026 Onsite - 9,Team Forming,2026-05-09,https://vjudge.net/contest/811576,11,1750,1200,2300,Hard,Implementation (11)
94,812090,Team Forming 2026 Onsite - 10,Team Forming,2026-05-11,https://vjudge.net/contest/812090,11,1750,1200,2300,Hard,"Implementation (8), Strings (2), Dynamic Programming (1)"
95,817088,Team Forming 2026 Onsite - 11,Team Forming,2026-05-18,https://vjudge.net/contest/817088,11,1750,1200,2300,Hard,Implementation (11)
96,824915,Team Practice Contest Onsite - 01,Team Practice,2026-06-20,https://vjudge.net/contest/824915,12,1642,1100,2100,Hard,"Implementation (10), Geometry (1), Games & Constructive (1)"
97,826829,Team Forming 2026 Onsite - 12,Team Forming,2026-06-29,https://vjudge.net/contest/826829,10,1787,1200,2200,Hard,"Implementation (8), Data Structures (2)"
98,828372,Team Forming 2026 Onsite - 13,Team Forming,2026-07-06,https://vjudge.net/contest/828372,11,1750,1200,2300,Hard,"Implementation (10), Trees (1)"
99,831759,Team Forming 2026 Onsite - 14,Team Forming,2026-07-18,https://vjudge.net/contest/831759,10,1682,800,2300,Hard,"Trees (4), Implementation (3), Graphs (3)"
100,832053,Team Forming 2026 Onsite - 15,Team Forming,2026-07-20,https://vjudge.net/contest/832053,8,1825,1200,2700,Hard,"Geometry (4), Implementation (3), Binary Search & Two Pointers (1)"
101,849414,Team Forming 2026 Onsite - 16,Team Forming,2026-09-14,https://vjudge.net/contest/849414,8,1771,1200,2700,Hard,"Implementation (5), Games & Constructive (1), Math & Number Theory (1), Trees (1)"
102,850432,Team Forming 2026 Onsite - 17,Team Forming,2026-09-19,https://vjudge.net/contest/850432,10,1431,800,2100,Medium,"Implementation (5), Games & Constructive (3), Math & Number Theory (1), Data Structures (1)"
103,850826,Team Forming 2026 Onsite - 18,Team Forming,2026-09-26,https://vjudge.net/contest/850826,11,1750,1200,2300,Hard,Implementation (11)
104,851893,Beginner's Weekly Contest - 1,Beginner Contest,2026-09-24,https://vjudge.net/contest/851893,10,1134,800,2000,Easy,"Implementation (6), Math & Number Theory (2), Dynamic Programming (1), Graphs (1)"
105,851244,Girls Practice Contest-01 (Online),Girls Contest,2026-09-22,https://vjudge.net/contest/851244,11,1168,800,1720,Easy,"Geometry (3), Implementation (2), Math & Number Theory (2), Strings (1), Greedy (1), Data Structures (1), Binary Search & Two Pointers (1)"
